{"cameraMode":{"drawMode":0,"name":"Shaded","section":"Shading Mode"},"sceneLighting":false,"audioPlay":false,"sceneViewState":{"m_AlwaysRefresh":false,"showFog":true,"showSkybox":false,"showFlares":true,"showImageEffects":true,"showParticleSystems":true,"showVisualEffectGraphs":true,"m_FxEnabled":true},"in2DMode":false,"pivot":{"x":568.18896484375,"y":169.05455017089845,"z":48.033905029296878},"rotation":{"x":0.019912127405405046,"y":-0.4653860330581665,"z":0.010472986847162247,"w":0.8848235011100769},"size":51.195716857910159,"orthographic":true}